number,statistic,figure,measurement_type,population,source,source_url,reviewed_date,limitation
1,Service leaders reporting executive pressure to implement AI in 2026,91%,Leader sentiment,321 customer service and support leaders,Gartner,https://www.gartner.com/en/newsroom/press-releases/2026-02-18-gartner-survey-finds-ninety-one-percent-of-customer-service-leaders-under-pressure-to-implement-ai-in-2026,2026-08-26,Surveyed October 2025
2,Organizations planning to move at least some agents into new roles,Nearly 80%,Workforce plan,321 customer service and support leaders,Gartner,https://www.gartner.com/en/newsroom/press-releases/2026-02-18-gartner-survey-finds-ninety-one-percent-of-customer-service-leaders-under-pressure-to-implement-ai-in-2026,2026-08-26,Planned change not completed outcome
3,Organizations planning to add agent skills and adjust hiring profiles,84%,Workforce plan,321 customer service and support leaders,Gartner,https://www.gartner.com/en/newsroom/press-releases/2026-02-18-gartner-survey-finds-ninety-one-percent-of-customer-service-leaders-under-pressure-to-implement-ai-in-2026,2026-08-26,Planned change not completed outcome
4,Service leaders aiming to upskill agents into knowledge management specialists,58%,Workforce plan,321 customer service and support leaders,Gartner,https://www.gartner.com/en/newsroom/press-releases/2026-02-18-gartner-survey-finds-ninety-one-percent-of-customer-service-leaders-under-pressure-to-implement-ai-in-2026,2026-08-26,Leader intention
5,Service organizations using AI agents in 2026,66%,Reported adoption,"3,075 customer service professionals worldwide",Salesforce,https://www.salesforce.com/news/stories/ai-service-agents-improve-customer-satisfaction/,2026-08-26,Vendor-published survey
6,Service organizations using AI agents in 2025,39%,Reported adoption,"3,075 customer service professionals worldwide",Salesforce,https://www.salesforce.com/news/stories/ai-service-agents-improve-customer-satisfaction/,2026-08-26,Prior-year comparison reported in 2026 research
7,Organizations with AI agents reporting measurable value within 60 days,70%,Reported outcome,"3,075 customer service professionals worldwide",Salesforce,https://www.salesforce.com/news/stories/ai-service-agents-improve-customer-satisfaction/,2026-08-26,Value is not one standardized ROI metric
8,Consumers who believe customer experiences should be better,83%,Consumer sentiment,"6,182 consumers within 11,297 total respondents across 22 countries",Zendesk CX Trends 2026,https://cxtrends.zendesk.com/,2026-08-26,Vendor-published survey
9,CX leaders saying memory-rich AI is key to personalized journeys,83%,Leader sentiment,"5,115 business respondents within 11,297 total respondents across 22 countries",Zendesk CX Trends 2026,https://cxtrends.zendesk.com/,2026-08-26,Opinion not outcome
10,CX leaders saying customers may leave after an unresolved issue on first contact,85%,Leader sentiment,"5,115 business respondents within 11,297 total respondents across 22 countries",Zendesk CX Trends 2026,https://www.zendesk.com/newsroom/articles/ai-ushers-in-era-of-contextual-intelligence-redefining-customer-experience-in-2026/,2026-08-26,Leader belief
11,Consumers who would choose a company supporting text images and video in one thread,76%,Consumer preference,"6,182 consumers across 22 countries",Zendesk CX Trends 2026,https://cxtrends.zendesk.com/,2026-08-26,Stated preference
12,Leaders saying employee access to query data will transform decision making,81%,Leader sentiment,"5,115 business respondents across 22 countries",Zendesk CX Trends 2026,https://cxtrends.zendesk.com/,2026-08-26,Opinion not outcome
13,Customers reporting increased demand for transparency,63%,Consumer sentiment,"6,182 consumers across 22 countries",Zendesk CX Trends 2026,https://cxtrends.zendesk.com/,2026-08-26,Year-over-year perception
14,Consumers expecting customer service availability 24/7 because of AI,74%,Consumer expectation,"6,182 consumers across 22 countries",Zendesk CX Trends 2026,https://cxtrends.zendesk.com/,2026-08-26,Expectation not usage
15,Consumers expecting faster responses than one year earlier,88%,Consumer expectation,"6,182 consumers across 22 countries",Zendesk CX Trends 2026,https://cxtrends.zendesk.com/,2026-08-26,Expectation not measured response time
16,Consumers frustrated by repeating information to different agents,74%,Consumer sentiment,"6,182 consumers across 22 countries",Zendesk CX Trends 2026,https://www.zendesk.com/newsroom/articles/ai-ushers-in-era-of-contextual-intelligence-redefining-customer-experience-in-2026/,2026-08-26,Stated sentiment
17,CX leaders saying ignoring multimodal support will leave them behind,82%,Leader sentiment,"5,115 business respondents across 22 countries",Zendesk CX Trends 2026,https://cxtrends.zendesk.com/,2026-08-26,Opinion not outcome
18,Consumers expecting an explanation for AI-made decisions,95%,Consumer expectation,"6,182 consumers across 22 countries",Zendesk CX Trends 2026,https://www.zendesk.com/newsroom/press-releases/contextual-intelligence-becomes-the-new-standard-for-exceptional-customer-experience-in-2026/,2026-08-26,Expectation not observed practice
19,CX leaders saying transparency will be required for customer-facing AI,80%,Leader sentiment,"5,115 business respondents across 22 countries",Zendesk CX Trends 2026,https://www.zendesk.com/newsroom/press-releases/contextual-intelligence-becomes-the-new-standard-for-exceptional-customer-experience-in-2026/,2026-08-26,Opinion not outcome
20,CX leaders currently offering reasoning behind AI decisions,37%,Reported practice,"5,115 business respondents across 22 countries",Zendesk CX Trends 2026,https://cxtrends.zendesk.com/,2026-08-26,Self-reported practice
